{
	"loss": 0.014101451262831688,
	"accuracy": 0.9958277940750122,
	"train": 23967,
	"test": 5992
}