{
	"loss": 0.1110931858420372,
	"accuracy": 0.9839704036712646,
	"train": 3240,
	"test": 811
}